2001-12-22,7,225
2002-04-04,5,26
2002-04-08,2,1
2002-04-11,5,2
2002-04-14,1,0
2002-04-15,2,2
2002-04-24,4,542
2002-09-12,5,305
2002-09-14,7,119
2002-09-15,1,52
2002-10-03,5,1
2002-10-11,6,1
2002-10-14,2,8
2002-10-15,3,18
2002-10-16,4,3
2002-10-21,2,1
2002-10-30,4,1
2002-11-01,6,1
2002-11-04,2,2
2002-11-06,4,351
2002-11-18,2,1
2002-11-25,2,1
2002-11-29,6,1
2002-12-02,2,3
2002-12-11,4,14
2002-12-17,3,13
2002-12-20,6,2
2002-12-31,3,131
2003-01-10,6,34
2003-01-21,3,53
2003-01-22,4,561
2003-01-31,6,40
2003-02-10,2,28
2003-02-11,3,605
2003-02-12,4,4422
2003-02-13,5,430
2003-02-17,2,25
2003-02-18,3,3728
2003-02-19,4,427
2003-02-25,3,3724
2003-02-26,4,3670
2003-02-27,5,794
2003-03-02,1,1
2003-03-03,2,8954
2003-03-04,3,8400
2003-03-05,4,2298
2003-03-06,5,4626
2003-03-12,4,4
2003-03-13,5,460
2003-03-14,6,105
2003-03-18,3,1922
2003-03-19,4,5
2003-03-20,5,4904
2003-03-21,6,120
2003-03-25,3,4401
2003-03-26,4,9788
2003-03-27,5,70
2003-03-28,6,11
2003-03-29,7,19
2003-03-31,2,3
2003-04-01,3,1845
2003-04-02,4,3720
2003-04-04,6,216
2003-04-05,7,0
2003-04-07,2,4203
2003-04-09,4,1
2003-04-14,2,179
2003-04-15,3,3733
2003-04-16,4,82
2003-04-22,3,5602
2003-04-24,5,4733
2003-04-29,3,3671
2003-05-02,6,1226
2003-05-05,2,76
2003-05-06,3,12
2003-05-07,4,10930
2003-05-08,5,4976
2003-05-12,2,770
2003-05-14,4,6862
2003-05-16,6,1029
2003-05-18,1,847
2003-05-20,3,1883
2003-05-21,4,64
2003-05-22,5,9938
2003-05-23,6,4
2003-05-26,2,4974
2003-05-27,3,7
2003-05-28,4,6387
2003-05-29,5,4999
2003-05-30,6,2689
2003-06-01,1,1398
2003-06-02,2,3862
2003-06-03,3,4074
2003-06-04,4,5661
2003-06-06,6,5734
2003-06-07,7,1361
2003-06-09,2,54
2003-06-10,3,1
2003-06-11,4,4391
2003-06-12,5,795
2003-06-16,2,54
2003-06-18,4,9393
2003-06-19,5,1
2003-06-20,6,280
2003-06-23,2,9
2003-06-24,3,2035
2003-06-25,4,1916
2003-06-26,5,708
2003-06-27,6,5029
2003-06-28,7,2064
2003-06-30,2,2021
2003-07-01,3,1894
2003-07-02,4,1
2003-07-04,6,5039
2003-07-07,2,2510
2003-07-08,3,1
2003-07-09,4,129
2003-07-10,5,5143
2003-07-11,6,1004
2003-07-12,7,12
2003-07-13,1,497
2003-07-14,2,15
2003-07-15,3,6955
2003-07-18,6,652
2003-07-20,1,1
2003-07-21,2,42
2003-07-22,3,2104
2003-07-23,4,2402
2003-07-24,5,5364
2003-07-25,6,28
2003-07-26,7,1
2003-07-28,2,6
2003-07-29,3,4160
2003-07-30,4,779
2003-07-31,5,1
2003-08-01,6,97
2003-08-05,3,3997
2003-08-07,5,352
2003-08-10,1,261
2003-08-12,3,1016
2003-08-13,4,2110
2003-08-14,5,2568
2003-08-15,6,1385
2003-08-16,7,1
2003-08-18,2,176
2003-08-19,3,176
2003-08-20,4,2217
2003-08-21,5,549
2003-08-22,6,295
2003-08-25,2,2132
2003-08-26,3,2825
2003-08-27,4,300
2003-08-28,5,11847
2003-08-29,6,102
2003-08-30,7,6
2003-08-31,1,1080
2003-09-01,2,3395
2003-09-02,3,7323
2003-09-03,4,1854
2003-09-04,5,5905
2003-09-05,6,175
2003-09-06,7,2
2003-09-07,1,3
2003-09-08,2,2676
2003-09-09,3,1894
2003-09-10,4,763
2003-09-11,5,1318
2003-09-12,6,9135
2003-09-13,7,1
2003-09-15,2,4018
2003-09-16,3,2102
2003-09-17,4,2090
2003-09-18,5,5689
2003-09-19,6,1214
2003-09-22,2,2830
2003-09-23,3,2516
2003-09-24,4,4119
2003-09-25,5,765
2003-09-26,6,278
2003-09-29,2,4605
2003-09-30,3,5252
2003-10-01,4,1971
2003-10-02,5,919
2003-10-04,7,572
2003-10-06,2,2673
2003-10-07,3,686
2003-10-08,4,7051
2003-10-09,5,2228
2003-10-11,7,707
2003-10-13,2,1048
2003-10-14,3,11397
2003-10-15,4,1214
2003-10-16,5,1228
2003-10-18,7,1
2003-10-20,2,863
2003-10-21,3,4034
2003-10-22,4,2224
2003-10-23,5,5583
2003-10-24,6,1307
2003-10-25,7,27
2003-10-27,2,1147
2003-10-28,3,4082
2003-10-29,4,4929
2003-10-30,5,6322
2003-10-31,6,497
2003-11-01,7,5
2003-11-02,1,1
2003-11-03,2,1600
2003-11-04,3,935
2003-11-05,4,6337
2003-11-06,5,7952
2003-11-08,7,2213
2003-11-10,2,4081
2003-11-11,3,3045
2003-11-12,4,8150
2003-11-13,5,6571
2003-11-14,6,3140
2003-11-17,2,1
2003-11-18,3,4033
2003-11-19,4,1
2003-11-20,5,113
2003-11-21,6,2954
2003-11-22,7,93
2003-11-24,2,285
2003-11-25,3,6575
2003-11-26,4,9192
2003-11-27,5,259
2003-11-28,6,2143
2003-11-30,1,64
2003-12-01,2,1477
2003-12-02,3,2282
2003-12-03,4,976
2003-12-04,5,273
2003-12-05,6,1820
2003-12-06,7,483
2003-12-09,3,8201
2003-12-10,4,1983
2003-12-11,5,1599
2003-12-12,6,10233
2003-12-15,2,3
2003-12-16,3,2753
2003-12-17,4,8565
2003-12-18,5,2343
2003-12-19,6,3797
2003-12-22,2,3339
2003-12-24,4,1564
2003-12-26,6,493
2003-12-29,2,2484
2003-12-30,3,1721
2003-12-31,4,1602
2004-01-03,7,272
2004-01-04,1,4
2004-01-05,2,2187
2004-01-06,3,140
2004-01-08,5,486
2004-01-09,6,1303
2004-01-12,2,4
2004-01-13,3,5712
2004-01-14,4,3495
2004-01-15,5,1436
2004-01-16,6,1634
2004-01-17,7,712
2004-01-18,1,21
2004-01-19,2,89
2004-01-20,3,10811
2004-01-21,4,1358
2004-01-22,5,2051
2004-01-23,6,2732
2004-01-27,3,7734
2004-01-28,4,2374
2004-01-29,5,12201
2004-01-30,6,491
2004-01-31,7,2
2004-02-02,2,1199
2004-02-03,3,8995
2004-02-04,4,5494
2004-02-05,5,244
2004-02-06,6,148
2004-02-07,7,22
2004-02-08,1,19
2004-02-09,2,3
2004-02-10,3,2709
2004-02-11,4,7395
2004-02-12,5,2078
2004-02-13,6,2320
2004-02-14,7,1015
2004-02-16,2,284
2004-02-17,3,2358
2004-02-18,4,2530
2004-02-19,5,11462
2004-02-20,6,22895
2004-02-23,2,176
2004-02-24,3,378
2004-02-25,4,7414
2004-02-26,5,2448
2004-02-27,6,1244
2004-02-28,7,23
2004-03-01,2,100
2004-03-02,3,11131
2004-03-03,4,2657
2004-03-04,5,2568
2004-03-05,6,2268
2004-03-06,7,392
2004-03-08,2,403
2004-03-09,3,11120
2004-03-10,4,2439
2004-03-11,5,12201
2004-03-12,6,2678
2004-03-15,2,179
2004-03-16,3,2679
2004-03-17,4,11805
2004-03-18,5,351
2004-03-19,6,4004
2004-03-20,7,768
2004-03-22,2,1845
2004-03-23,3,2831
2004-03-24,4,2293
2004-03-25,5,3365
2004-03-26,6,1621
2004-03-29,2,103
2004-03-30,3,2569
2004-03-31,4,9255
2004-04-01,5,180
2004-04-02,6,11619
2004-04-03,7,683
2004-04-05,2,1519
2004-04-06,3,3701
2004-04-07,4,5519
2004-04-08,5,7244
2004-04-09,6,1416
2004-04-11,1,672
2004-04-12,2,640
2004-04-13,3,6376
2004-04-14,4,6241
2004-04-15,5,3937
2004-04-16,6,9405
2004-04-17,7,103
2004-04-18,1,582
2004-04-19,2,2265
2004-04-20,3,7852
2004-04-21,4,1935
2004-04-22,5,1663
2004-04-23,6,11766
2004-04-25,1,1
2004-04-26,2,2445
2004-04-27,3,11337
2004-04-28,4,286
2004-04-29,5,3509
2004-04-30,6,4457
2004-05-02,1,7
2004-05-03,2,8
2004-05-04,3,6418
2004-05-05,4,1115
2004-05-06,5,13396
2004-05-07,6,10056
2004-05-08,7,277
2004-05-10,2,4022
2004-05-11,3,7329
2004-05-12,4,120
2004-05-13,5,4726
2004-05-14,6,3395
2004-05-15,7,3453
2004-05-17,2,2321
2004-05-18,3,283
2004-05-19,4,2085
2004-05-20,5,2990
2004-05-21,6,203
2004-05-22,7,731
2004-05-24,2,2312
2004-05-25,3,3075
2004-05-26,4,11904
2004-05-27,5,1
2004-05-28,6,10523
2004-05-31,2,2874
2004-06-01,3,326
2004-06-02,4,269
2004-06-03,5,16273
2004-06-04,6,11175
2004-06-05,7,186
2004-06-06,1,21
2004-06-07,2,2272
2004-06-08,3,7297
2004-06-09,4,7893
2004-06-10,5,1808
2004-06-11,6,565
2004-06-12,7,19
2004-06-14,2,1271
2004-06-15,3,335
2004-06-16,4,2214
2004-06-17,5,13938
2004-06-18,6,7509
2004-06-19,7,3795
2004-06-20,1,536
2004-06-21,2,3612
2004-06-22,3,4328
2004-06-23,4,1745
2004-06-24,5,5798
2004-06-25,6,35798
2004-06-27,1,2103
2004-06-28,2,13782
2004-06-29,3,2781
2004-06-30,4,6537
2004-07-01,5,4931
2004-07-02,6,5165
2004-07-03,7,7486
2004-07-04,1,2408
2004-07-05,2,5881
2004-07-06,3,4280
2004-07-07,4,3127
2004-07-08,5,6370
2004-07-09,6,6671
2004-07-10,7,6452
2004-07-11,1,2655
2004-07-12,2,4866
2004-07-13,3,2845
2004-07-14,4,13468
2004-07-15,5,9136
2004-07-16,6,13885
2004-07-17,7,2822
2004-07-18,1,2830
2004-07-19,2,3160
2004-07-20,3,8517
2004-07-21,4,4355
2004-07-22,5,6420
2004-07-23,6,5062
2004-07-24,7,8936
2004-07-25,1,2962
2004-07-26,2,2968
2004-07-27,3,3697
2004-07-28,4,5113
2004-07-29,5,3116
2004-07-30,6,19051
2004-07-31,7,3371
2004-08-01,1,3031
2004-08-02,2,3953
2004-08-03,3,2342
2004-08-04,4,9477
2004-08-05,5,2273
2004-08-06,6,5002
2004-08-07,7,6535
2004-08-08,1,3121
2004-08-09,2,3652
2004-08-10,3,3192
2004-08-11,4,13259
2004-08-12,5,2326
2004-08-13,6,9363
2004-08-14,7,3158
2004-08-15,1,3139
2004-08-16,2,5378
2004-08-17,3,11285
2004-08-18,4,10382
2004-08-19,5,8946
2004-08-20,6,3175
2004-08-21,7,3482
2004-08-22,1,3178
2004-08-23,2,6012
2004-08-24,3,801
2004-08-25,4,10923
2004-08-26,5,8305
2004-08-27,6,11465
2004-08-28,7,3320
2004-08-29,1,10680
2004-08-30,2,5438
2004-08-31,3,320
2004-09-01,4,4283
2004-09-02,5,3439
2004-09-03,6,12030
2004-09-04,7,3465
2004-09-05,1,3231
2004-09-06,2,9900
2004-09-07,3,13916
2004-09-08,4,19438
2004-09-09,5,3258
2004-09-10,6,4238
2004-09-11,7,4411
2004-09-12,1,3234
2004-09-13,2,5737
2004-09-14,3,863
2004-09-15,4,10159
2004-09-16,5,6894
2004-09-17,6,6940
2004-09-18,7,3270
2004-09-19,1,3827
2004-09-20,2,5511
2004-09-21,3,9518
2004-09-22,4,14922
2004-09-23,5,9553
2004-09-24,6,17051
2004-09-25,7,3259
2004-09-26,1,1151
2004-09-27,2,4165
2004-09-28,3,7051
2004-09-29,4,11390
2004-09-30,5,9083
2004-10-01,6,8985
2004-10-02,7,4374
2004-10-03,1,4482
2004-10-04,2,3504
2004-10-05,3,741
2004-10-06,4,6177
2004-10-07,5,8421
2004-10-08,6,7940
2004-10-09,7,6
2004-10-10,1,16
2004-10-11,2,639
2004-10-12,3,3720
2004-10-13,4,6309
2004-10-14,5,15017
2004-10-15,6,12391
2004-10-16,7,1
2004-10-17,1,580
2004-10-18,2,3082
2004-10-19,3,1085
2004-10-20,4,6159
2004-10-21,5,10116
2004-10-22,6,22159
2004-10-23,7,1
2004-10-24,1,3
2004-10-25,2,2006
2004-10-26,3,14611
2004-10-27,4,52069
2004-10-28,5,13183
2004-10-29,6,7765
2004-10-30,7,655
2004-10-31,1,418
2004-11-01,2,2388
2004-11-02,3,2252
2004-11-03,4,12546
2004-11-04,5,9361
2004-11-05,6,15518
2004-11-06,7,2
2004-11-07,1,834
2004-11-08,2,14652
2004-11-09,3,5956
2004-11-10,4,14901
2004-11-11,5,10612
2004-11-12,6,19581
2004-11-13,7,248
2004-11-15,2,3848
2004-11-16,3,8066
2004-11-17,4,8784
2004-11-18,5,5584
2004-11-19,6,7781
2004-11-20,7,325
2004-11-21,1,8
2004-11-22,2,14860
2004-11-23,3,11266
2004-11-24,4,6105
2004-11-25,5,18302
2004-11-26,6,5705
2004-11-27,7,1789
2004-11-28,1,159
2004-11-29,2,547
2004-11-30,3,4068
2004-12-01,4,12293
2004-12-02,5,7295
2004-12-03,6,1364
2004-12-05,1,611
2004-12-06,2,19399
2004-12-07,3,17033
2004-12-08,4,2954
2004-12-09,5,15023
2004-12-10,6,2384
2004-12-11,7,55
2004-12-12,1,26
2004-12-13,2,1505
2004-12-14,3,15806
2004-12-15,4,5174
2004-12-16,5,6906
2004-12-17,6,57744
2004-12-18,7,12
2004-12-19,1,768
2004-12-20,2,3275
2004-12-21,3,11401
2004-12-22,4,20011
2004-12-23,5,15239
2004-12-24,6,2465
2004-12-25,7,2
2004-12-26,1,521
2004-12-27,2,1015
2004-12-28,3,5173
2004-12-29,4,47032
2004-12-30,5,11621
2004-12-31,6,379
2005-01-01,7,269
2005-01-02,1,864
2005-01-04,3,16212
2005-01-05,4,14502
2005-01-06,5,11575
2005-01-07,6,2429
2005-01-08,7,154
2005-01-09,1,712
2005-01-10,2,4425
2005-01-11,3,14900
2005-01-12,4,9129
2005-01-13,5,3256
2005-01-14,6,120
2005-01-15,7,3
2005-01-17,2,1524
2005-01-18,3,14011
2005-01-19,4,8977
2005-01-20,5,30520
2005-01-21,6,9730
2005-01-24,2,3456
2005-01-25,3,17199
2005-01-26,4,265
2005-01-27,5,6506
2005-01-28,6,26364
2005-01-29,7,1101
2005-01-30,1,15
2005-01-31,2,14186
2005-02-01,3,7834
2005-02-02,4,14857
2005-02-03,5,7901
2005-02-04,6,14185
2005-02-05,7,402
2005-02-06,1,337
2005-02-07,2,14036
2005-02-08,3,12282
2005-02-09,4,3641
2005-02-10,5,15817
2005-02-11,6,44231
2005-02-12,7,238
2005-02-13,1,4279
2005-02-14,2,14472
2005-02-15,3,22239
2005-02-16,4,9740
2005-02-17,5,11440
2005-02-18,6,5456
2005-02-19,7,55
2005-02-20,1,666
2005-02-21,2,2588
2005-02-22,3,3866
2005-02-23,4,20804
2005-02-24,5,15200
2005-02-25,6,6796
2005-02-26,7,28
2005-02-27,1,164
2005-02-28,2,2827
2005-03-01,3,1477
2005-03-02,4,14726
2005-03-03,5,29019
2005-03-04,6,3419
2005-03-05,7,1358
2005-03-06,1,1874
2005-03-07,2,4578
2005-03-08,3,60791
2005-03-09,4,10528
2005-03-10,5,9395
2005-03-11,6,13105
2005-03-12,7,4866
2005-03-13,1,1
2005-03-14,2,2701
2005-03-15,3,19152
2005-03-16,4,25105
2005-03-17,5,17635
2005-03-18,6,8028
2005-03-19,7,595
2005-03-20,1,4174
2005-03-21,2,11616
2005-03-22,3,30663
2005-03-23,4,21196
2005-03-24,5,25319
2005-03-25,6,71
2005-03-26,7,33
2005-03-27,1,49
2005-03-28,2,894
2005-03-29,3,7121
2005-03-30,4,6022
2005-03-31,5,17417
2005-04-01,6,22209
2005-04-02,7,747
2005-04-03,1,332
2005-04-04,2,5195
2005-04-05,3,19123
2005-04-06,4,15870
2005-04-07,5,12296
2005-04-08,6,7674
2005-04-09,7,5
2005-04-10,1,166
2005-04-11,2,3748
2005-04-12,3,8835
2005-04-13,4,16489
2005-04-14,5,23389
2005-04-15,6,19862
2005-04-16,7,13
2005-04-17,1,3
2005-04-18,2,2322
2005-04-19,3,22308
2005-04-20,4,15547
2005-04-21,5,35750
2005-04-22,6,21005
2005-04-23,7,56
2005-04-24,1,146
2005-04-25,2,57
2005-04-26,3,7759
2005-04-27,4,8069
2005-04-28,5,21376
2005-04-29,6,10423
2005-04-30,7,5
2005-05-01,1,3597
2005-05-02,2,580
2005-05-03,3,11459
2005-05-04,4,23162
2005-05-05,5,17847
2005-05-06,6,4722
2005-05-07,7,5381
2005-05-08,1,1392
2005-05-09,2,28757
2005-05-10,3,23874
2005-05-11,4,10069
2005-05-12,5,18074
2005-05-13,6,24541
2005-05-14,7,238
2005-05-15,1,342
2005-05-16,2,693
2005-05-17,3,6979
2005-05-18,4,21186
2005-05-19,5,32114
2005-05-20,6,9690
2005-05-21,7,137
2005-05-22,1,769
2005-05-23,2,2301
2005-05-24,3,8476
2005-05-25,4,6549
2005-05-26,5,29384
2005-05-27,6,18400
2005-05-28,7,19
2005-05-29,1,21
2005-05-30,2,15343
2005-05-31,3,20366
2005-06-01,4,13137
2005-06-02,5,16192
2005-06-03,6,24237
2005-06-04,7,11
2005-06-05,1,4905
2005-06-06,2,12361
2005-06-07,3,29338
2005-06-08,4,25638
2005-06-09,5,38582
2005-06-10,6,17553
2005-06-11,7,17901
2005-06-12,1,5893
2005-06-13,2,10804
2005-06-14,3,6312
2005-06-15,4,9190
2005-06-16,5,31871
2005-06-17,6,12253
2005-06-18,7,14248
2005-06-19,1,6230
2005-06-20,2,11892
2005-06-21,3,18703
2005-06-22,4,75551
2005-06-23,5,21789
2005-06-24,6,20556
2005-06-25,7,5918
2005-06-26,1,6224
2005-06-27,2,14639
2005-06-28,3,10801
2005-06-29,4,21356
2005-06-30,5,47748
2005-07-01,6,28072
2005-07-02,7,6083
2005-07-03,1,21
2005-07-04,2,19213
2005-07-05,3,23679
2005-07-06,4,34250
2005-07-07,5,25310
2005-07-08,6,31076
2005-07-09,7,15907
2005-07-10,1,7671
2005-07-11,2,17416
2005-07-12,3,27385
2005-07-13,4,7964
2005-07-14,5,31778
2005-07-15,6,22670
2005-07-16,7,13075
2005-07-17,1,13096
2005-07-18,2,27469
2005-07-19,3,20141
2005-07-20,4,49983
2005-07-21,5,24988
2005-07-22,6,22939
2005-07-23,7,6429
2005-07-24,1,12066
2005-07-25,2,8777
2005-07-26,3,34098
2005-07-27,4,15994
2005-07-28,5,32602
2005-07-29,6,22964
2005-07-30,7,6408
2005-07-31,1,6442
2005-08-01,2,18981
2005-08-02,3,19992
2005-08-03,4,30575
2005-08-04,5,31455
2005-08-05,6,24474
2005-08-06,7,6521
2005-08-07,1,6530
2005-08-08,2,33395
2005-08-09,3,22110
2005-08-10,4,26782
2005-08-11,5,23231
2005-08-12,6,24387
2005-08-13,7,6793
2005-08-14,1,6635
2005-08-15,2,12680
2005-08-16,3,11273
2005-08-17,4,18812
2005-08-18,5,25429
2005-08-19,6,12875
2005-08-20,7,6759
2005-08-21,1,16672
2005-08-22,2,16211
2005-08-23,3,17251
2005-08-24,4,24375
2005-08-25,5,55061
2005-08-26,6,45486
2005-08-27,7,6925
2005-08-28,1,12877
2005-08-29,2,16581
2005-08-30,3,27852
2005-08-31,4,24554
2005-09-01,5,33864
2005-09-02,6,14814
2005-09-03,7,13119
2005-09-04,1,12604
2005-09-05,2,28877
2005-09-06,3,17271
2005-09-07,4,24031
2005-09-08,5,44960
2005-09-09,6,23528
2005-09-10,7,332
2005-09-11,1,740
2005-09-12,2,26100
2005-09-13,3,39816
2005-09-14,4,14951
2005-09-15,5,25984
2005-09-16,6,24109
2005-09-17,7,10205
2005-09-18,1,12588
2005-09-19,2,28093
2005-09-20,3,46132
2005-09-21,4,51823
2005-09-22,5,23510
2005-09-23,6,29225
2005-09-24,7,7002
2005-09-25,1,6616
2005-09-26,2,22763
2005-09-27,3,18235
2005-09-28,4,30335
2005-09-29,5,25204
2005-09-30,6,24762
2005-10-01,7,7900
2005-10-02,1,6533
2005-10-03,2,2824
2005-10-04,3,34385
2005-10-05,4,35348
2005-10-06,5,27044
2005-10-07,6,6516
2005-10-08,7,816
2005-10-09,1,7
2005-10-10,2,10334
2005-10-11,3,28666
2005-10-12,4,22195
2005-10-13,5,23539
2005-10-14,6,22262
2005-10-15,7,599
2005-10-16,1,160
2005-10-17,2,14709
2005-10-18,3,29671
2005-10-19,4,25223
2005-10-20,5,17843
2005-10-21,6,33908
2005-10-22,7,562
2005-10-23,1,6
2005-10-24,2,20404
2005-10-25,3,32816
2005-10-26,4,18504
2005-10-27,5,18408
2005-10-28,6,17517
2005-10-29,7,746
2005-10-30,1,4361
2005-10-31,2,14844
2005-11-01,3,391
2005-11-02,4,21668
2005-11-03,5,12078
2005-11-04,6,8599
2005-11-05,7,292
2005-11-06,1,30
2005-11-07,2,7032
2005-11-08,3,30138
2005-11-09,4,51249
2005-11-10,5,28699
2005-11-11,6,11186
2005-11-12,7,347
2005-11-13,1,64
2005-11-14,2,5402
2005-11-15,3,53385
2005-11-16,4,38059
2005-11-17,5,12718
2005-11-18,6,14081
2005-11-19,7,484
2005-11-20,1,20
2005-11-21,2,14076
2005-11-22,3,53312
2005-11-23,4,19912
2005-11-24,5,26325
2005-11-25,6,13114
2005-11-26,7,264
2005-11-27,1,21
2005-11-28,2,1595
2005-11-29,3,31735
2005-11-30,4,13570
2005-12-01,5,29307
2005-12-02,6,37772
2005-12-03,7,738
2005-12-04,1,391
2005-12-05,2,18658
2005-12-06,3,18114
2005-12-07,4,18759
2005-12-08,5,13691
2005-12-09,6,15958
2005-12-10,7,64
2005-12-11,1,67
2005-12-12,2,30795
2005-12-13,3,43722
2005-12-14,4,88338
2005-12-15,5,20429
2005-12-16,6,30855
2005-12-17,7,333
2005-12-18,1,937
2005-12-19,2,26333
2005-12-20,3,20549
2005-12-21,4,48008
2005-12-22,5,55003
2005-12-23,6,14145
2005-12-24,7,239
2005-12-25,1,6
2005-12-26,2,9
2005-12-27,3,6983
2005-12-28,4,65725
2005-12-29,5,19878
2005-12-30,6,10650
2005-12-31,7,850
2006-01-01,1,12
2006-01-02,2,1294
2006-01-03,3,23921
2006-01-04,4,23407
2006-01-05,5,24856
2006-01-06,6,6195
2006-01-07,7,641
2006-01-08,1,15
2006-01-09,2,15868
2006-01-10,3,7886
2006-01-11,4,43054
2006-01-12,5,26156
2006-01-13,6,21534
2006-01-14,7,2371
2006-01-15,1,24
2006-01-16,2,23589
2006-01-17,3,18693
2006-01-18,4,32928
2006-01-19,5,37412
2006-01-20,6,41321
2006-01-21,7,532
2006-01-22,1,33
2006-01-23,2,40144
2006-01-24,3,46331
2006-01-25,4,20072
2006-01-26,5,1652
2006-01-27,6,33056
2006-01-28,7,1819
2006-01-29,1,706
2006-01-30,2,22355
2006-01-31,3,20809
2006-02-01,4,33541
2006-02-02,5,32846
2006-02-03,6,12451
2006-02-04,7,478
2006-02-05,1,4759
2006-02-06,2,8869
2006-02-07,3,89029
2006-02-08,4,32924
2006-02-09,5,46857
2006-02-10,6,10046
2006-02-11,7,35
2006-02-12,1,33
2006-02-13,2,14971
2006-02-14,3,15938
2006-02-15,4,53242
2006-02-16,5,17436
2006-02-17,6,7554
2006-02-18,7,1951
2006-02-19,1,32
2006-02-20,2,24857
2006-02-21,3,28868
2006-02-22,4,27306
2006-02-23,5,46138
2006-02-24,6,8864
2006-02-25,7,418
2006-02-26,1,4425
2006-02-27,2,10708
2006-02-28,3,115493
2006-03-01,4,34494
2006-03-02,5,39942
2006-03-03,6,24464
2006-03-04,7,265
2006-03-05,1,22
2006-03-06,2,33752
2006-03-07,3,28075
2006-03-08,4,88771
2006-03-09,5,10019
2006-03-10,6,37535
2006-03-11,7,658
2006-03-12,1,36
2006-03-13,2,1443
2006-03-14,3,19681
2006-03-15,4,22825
2006-03-16,5,140899
2006-03-17,6,47164
2006-03-18,7,1540
2006-03-19,1,49
2006-03-20,2,17285
2006-03-21,3,28595
2006-03-22,4,25459
2006-03-23,5,14441
2006-03-24,6,44112
2006-03-25,7,1096
2006-03-26,1,458
2006-03-27,2,17980
2006-03-28,3,40549
2006-03-29,4,29826
2006-03-30,5,30095
2006-03-31,6,32596
2006-04-01,7,31
2006-04-02,1,758
2006-04-03,2,34377
2006-04-04,3,29985
2006-04-05,4,127746
2006-04-06,5,162013
2006-04-07,6,108860
2006-04-08,7,2957
2006-04-09,1,3901
2006-04-10,2,30391
2006-04-11,3,162384
2006-04-12,4,139300
2006-04-13,5,55863
2006-04-14,6,9559
2006-04-15,7,2735
2006-04-16,1,33
2006-04-17,2,2035
2006-04-18,3,28713
2006-04-19,4,112944
2006-04-20,5,36189
2006-04-21,6,79175
2006-04-22,7,385
2006-04-23,1,1647
2006-04-24,2,26508
2006-04-25,3,3054
2006-04-26,4,25159
2006-04-27,5,108465
2006-04-28,6,44778
2006-04-29,7,1487
2006-04-30,1,2259
2006-05-01,2,13138
2006-05-02,3,24952
2006-05-03,4,112091
2006-05-04,5,210577
2006-05-05,6,25764
2006-05-06,7,56
2006-05-07,1,1680
2006-05-08,2,18475
2006-05-09,3,15713
2006-05-10,4,58421
2006-05-11,5,111893
2006-05-12,6,18875
2006-05-13,7,3289
2006-05-14,1,1644
2006-05-15,2,17535
2006-05-16,3,23413
2006-05-17,4,39700
2006-05-18,5,32368
2006-05-19,6,17893
2006-05-20,7,30
2006-05-21,1,38
2006-05-22,2,20156
2006-05-23,3,21095
2006-05-24,4,37700
2006-05-25,5,57825
2006-05-26,6,12460
2006-05-27,7,290
2006-05-28,1,1032
2006-05-29,2,12493
2006-05-30,3,33453
2006-05-31,4,70482
2006-06-01,5,14274
2006-06-02,6,4760
2006-06-03,7,932
2006-06-04,1,2974
2006-06-05,2,21273
2006-06-06,3,64954
2006-06-07,4,56621
2006-06-08,5,48606
2006-06-09,6,27553
2006-06-10,7,57
2006-06-11,1,2444
2006-06-12,2,8695
2006-06-13,3,28695
2006-06-14,4,60214
2006-06-15,5,97112
2006-06-16,6,53014
2006-06-17,7,8416
2006-06-18,1,8190
2006-06-19,2,21689
2006-06-20,3,43438
2006-06-21,4,54694
2006-06-22,5,54731
2006-06-23,6,31070
2006-06-24,7,13872
2006-06-25,1,11012
2006-06-26,2,68323
2006-06-27,3,23471
2006-06-28,4,47394
2006-06-29,5,87223
2006-06-30,6,34676
2006-07-01,7,9214
2006-07-02,1,12440
2006-07-03,2,38509
2006-07-04,3,52200
2006-07-05,4,35104
2006-07-06,5,58303
2006-07-07,6,33759
2006-07-08,7,9029
2006-07-09,1,3096
2006-07-10,2,16572
2006-07-11,3,38853
2006-07-12,4,51498
2006-07-13,5,55992
2006-07-14,6,42775
2006-07-15,7,7868
2006-07-16,1,8650
2006-07-17,2,13919
2006-07-18,3,57497
2006-07-19,4,31170
2006-07-20,5,52068
2006-07-21,6,44201
2006-07-22,7,12441
2006-07-23,1,7907
2006-07-24,2,28534
2006-07-25,3,23190
2006-07-26,4,47851
2006-07-27,5,51706
2006-07-28,6,41026
2006-07-29,7,12500
2006-07-30,1,8665
2006-07-31,2,17040
2006-08-01,3,44417
2006-08-02,4,73733
2006-08-03,5,53865
2006-08-04,6,34247
2006-08-05,7,8212
2006-08-06,1,4051
2006-08-07,2,14170
2006-08-08,3,40250
2006-08-09,4,105033
2006-08-10,5,61115
2006-08-11,6,55919
2006-08-12,7,10038
2006-08-13,1,14132
2006-08-14,2,23393
2006-08-15,3,37133
2006-08-16,4,61261
2006-08-17,5,69025
2006-08-18,6,29604
2006-08-19,7,14184
2006-08-20,1,1227
2006-08-21,2,30799
2006-08-22,3,34066
2006-08-23,4,64445
2006-08-24,5,57504
2006-08-25,6,37423
2006-08-26,7,8197
2006-08-27,1,8319
2006-08-28,2,20099
2006-08-29,3,57112
2006-08-30,4,94823
2006-08-31,5,48995
2006-09-01,6,35940
2006-09-02,7,8239
2006-09-03,1,9684
2006-09-04,2,27784
2006-09-05,3,64245
2006-09-06,4,72269
2006-09-07,5,58616
2006-09-08,6,47580
2006-09-09,7,10231
2006-09-10,1,11074
2006-09-11,2,47343
2006-09-12,3,40945
2006-09-13,4,45655
2006-09-14,5,75850
2006-09-15,6,33700
2006-09-16,7,9481
2006-09-17,1,8982
2006-09-18,2,42241
2006-09-19,3,41694
2006-09-20,4,68912
2006-09-21,5,34793
2006-09-22,6,34663
2006-09-23,7,111
2006-09-24,1,1492
2006-09-25,2,14081
2006-09-26,3,13493
2006-09-27,4,92217
2006-09-28,5,38190
2006-09-29,6,39793
2006-09-30,7,2510
2006-10-01,1,89
2006-10-02,2,14714
2006-10-03,3,47028
2006-10-04,4,76972
2006-10-05,5,40823
2006-10-06,6,83756
2006-10-07,7,6046
2006-10-08,1,6052
2006-10-09,2,36615
2006-10-10,3,41344
2006-10-11,4,49816
2006-10-12,5,55092
2006-10-13,6,21027
2006-10-14,7,1756
2006-10-15,1,4883
2006-10-16,2,30214
2006-10-17,3,20663
2006-10-18,4,94294
2006-10-19,5,31291
2006-10-20,6,35633
2006-10-21,7,130
2006-10-22,1,2657
2006-10-23,2,15270
2006-10-24,3,48169
2006-10-25,4,69056
2006-10-26,5,62647
2006-10-27,6,44435
2006-10-28,7,282
2006-10-29,1,141
2006-10-30,2,49549
2006-10-31,3,48593
2006-11-01,4,82724
2006-11-02,5,83864
2006-11-03,6,124428
2006-11-04,7,5055
2006-11-05,1,125
2006-11-06,2,27406
2006-11-07,3,165
2006-11-08,4,44537
2006-11-09,5,80572
2006-11-10,6,28384
2006-11-11,7,127
2006-11-12,1,2458
2006-11-13,2,176038
2006-11-14,3,76115
2006-11-15,4,35375
2006-11-16,5,53266
2006-11-17,6,32084
2006-11-18,7,329
2006-11-19,1,2829
2006-11-20,2,38815
2006-11-21,3,17084
2006-11-22,4,72135
2006-11-23,5,48200
2006-11-24,6,44231
2006-11-25,7,1433
2006-11-26,1,6323
2006-11-27,2,18730
2006-11-28,3,46770
2006-11-29,4,45525
2006-11-30,5,34579
2006-12-01,6,89281
2006-12-02,7,888
2006-12-03,1,129
2006-12-04,2,40057
2006-12-05,3,123265
2006-12-06,4,84230
2006-12-07,5,36932
2006-12-08,6,37339
2006-12-09,7,510
2006-12-10,1,46
2006-12-11,2,14810
2006-12-12,3,31997
2006-12-13,4,55222
2006-12-14,5,86311
2006-12-15,6,72009
2006-12-16,7,1867
2006-12-17,1,715
2006-12-18,2,17592
2006-12-19,3,182307
2006-12-20,4,80258
2006-12-21,5,120720
2006-12-22,6,125264
2006-12-23,7,5594
2006-12-24,1,1899
2006-12-25,2,10182
2006-12-26,3,50363
2006-12-27,4,88387
2006-12-28,5,39250
2006-12-29,6,28468
2006-12-30,7,11940
2006-12-31,1,1909
2007-01-01,2,2933
2007-01-02,3,12951
2007-01-03,4,43286
2007-01-04,5,25881
2007-01-05,6,25650
2007-01-06,7,9806
2007-01-07,1,1592
2007-01-08,2,6156
2007-01-09,3,24275
2007-01-10,4,26196
2007-01-11,5,36448
2007-01-12,6,26794
2007-01-13,7,1596
2007-01-14,1,1601
2007-01-15,2,5922
2007-01-16,3,23355
2007-01-17,4,60568
2007-01-18,5,46625
2007-01-19,6,26987
2007-01-20,7,1578
2007-01-21,1,1583
2007-01-22,2,10687
2007-01-23,3,56337
2007-01-24,4,90555
2007-01-25,5,61131
2007-01-26,6,12094
2007-01-27,7,1580
2007-01-28,1,3305
2007-01-29,2,33007
2007-01-30,3,23075
2007-01-31,4,30437
2007-02-01,5,36102
2007-02-02,6,42780
2007-02-03,7,2374
2007-02-04,1,1629
2007-02-05,2,36653
2007-02-06,3,82546
2007-02-07,4,75430
2007-02-08,5,88275
2007-02-09,6,79794
2007-02-10,7,2071
2007-02-11,1,1678
2007-02-12,2,37552
2007-02-13,3,33882
2007-02-14,4,77683
2007-02-15,5,46875
2007-02-16,6,57388
2007-02-17,7,10220
2007-02-18,1,2597
2007-02-19,2,26420
2007-02-20,3,45528
2007-02-21,4,38146
2007-02-22,5,51343
2007-02-23,6,37428
2007-02-24,7,3359
2007-02-25,1,2767
2007-02-26,2,13608
2007-02-27,3,23422
2007-02-28,4,68315
2007-03-01,5,96197
2007-03-02,6,40325
2007-03-03,7,2030
2007-03-04,1,1648
2007-03-05,2,48121
2007-03-06,3,42684
2007-03-07,4,94919
2007-03-08,5,51957
2007-03-09,6,54167
2007-03-10,7,4600
2007-03-11,1,6942
2007-03-12,2,3005
2007-03-13,3,21248
2007-03-14,4,72570
2007-03-15,5,73329
2007-03-16,6,56624
2007-03-17,7,1623
2007-03-18,1,1926
2007-03-19,2,24545
2007-03-20,3,23261
2007-03-21,4,50364
2007-03-22,5,72155
2007-03-23,6,61944
2007-03-24,7,1611
2007-03-25,1,13272
2007-03-26,2,33154
2007-03-27,3,98518
2007-03-28,4,83854
2007-03-29,5,109847
2007-03-30,6,48258
2007-03-31,7,13632
2007-04-01,1,10400
2007-04-02,2,37647
2007-04-03,3,91649
2007-04-04,4,100981
2007-04-05,5,89316
2007-04-06,6,1730
2007-04-07,7,1615
2007-04-08,1,9840
2007-04-09,2,3068
2007-04-10,3,56918
2007-04-11,4,58192
2007-04-12,5,167810
2007-04-13,6,20641
2007-04-14,7,11498
2007-04-15,1,1649
2007-04-16,2,45762
2007-04-17,3,37130
2007-04-18,4,107888
2007-04-19,5,40190
2007-04-20,6,56094
2007-04-21,7,6197
2007-04-22,1,18838
2007-04-23,2,38249
2007-04-24,3,118652
2007-04-25,4,16226
2007-04-26,5,66728
2007-04-27,6,42101
2007-04-28,7,3796
2007-04-29,1,2200
2007-04-30,2,16037
2007-05-01,3,68424
2007-05-02,4,85754
2007-05-03,5,57012
2007-05-04,6,67952
2007-05-05,7,2082
2007-05-06,1,1767
2007-05-07,2,20756
2007-05-08,3,23844
2007-05-09,4,57484
2007-05-10,5,52508
2007-05-11,6,47870
2007-05-12,7,3540
2007-05-13,1,7350
2007-05-14,2,16374
2007-05-15,3,27342
2007-05-16,4,103481
2007-05-17,5,82023
2007-05-18,6,35036
2007-05-19,7,2812
2007-05-20,1,4772
2007-05-21,2,26772
2007-05-22,3,39634
2007-05-23,4,105481
2007-05-24,5,58090
2007-05-25,6,26086
2007-05-26,7,3511
2007-05-27,1,8282
2007-05-28,2,59479
2007-05-29,3,56311
2007-05-30,4,158637
2007-05-31,5,100719
2007-06-01,6,82776
2007-06-02,7,3038
2007-06-03,1,5691
2007-06-04,2,62810
2007-06-05,3,74536
2007-06-06,4,67014
2007-06-07,5,95151
2007-06-08,6,61135
2007-06-09,7,26388
2007-06-10,1,20343
2007-06-11,2,25517
2007-06-12,3,40315
2007-06-13,4,80702
2007-06-14,5,77013
2007-06-15,6,56471
2007-06-16,7,26404
2007-06-17,1,9629
2007-06-18,2,37580
2007-06-19,3,44257
2007-06-20,4,55355
2007-06-21,5,94869
2007-06-22,6,53451
2007-06-23,7,13346
2007-06-24,1,25072
2007-06-25,2,70015
2007-06-26,3,32584
2007-06-27,4,126482
2007-06-28,5,32804
2007-06-29,6,133835
2007-06-30,7,8101
2007-07-01,1,17079
2007-07-02,2,39600
2007-07-03,3,46793
2007-07-04,4,86530
2007-07-05,5,54500
2007-07-06,6,83113
2007-07-07,7,9085
2007-07-08,1,14275
2007-07-09,2,36459
2007-07-10,3,57779
2007-07-11,4,100123
2007-07-12,5,138672
2007-07-13,6,28406
2007-07-14,7,15421
2007-07-15,1,8735
2007-07-16,2,32065
2007-07-17,3,40310
2007-07-18,4,85080
2007-07-19,5,78625
2007-07-20,6,42625
2007-07-21,7,9587
2007-07-22,1,9879
2007-07-23,2,43743
2007-07-24,3,86935
2007-07-25,4,83050
2007-07-26,5,66691
2007-07-27,6,44513
2007-07-28,7,9800
2007-07-29,1,8500
2007-07-30,2,45831
2007-07-31,3,67070
2007-08-01,4,134321
2007-08-02,5,65019
2007-08-03,6,81422
2007-08-04,7,12311
2007-08-05,1,16030
2007-08-06,2,56037
2007-08-07,3,79370
2007-08-08,4,69421
2007-08-09,5,64782
2007-08-10,6,49075
2007-08-11,7,9196
2007-08-12,1,11351
2007-08-13,2,23066
2007-08-14,3,68271
2007-08-15,4,86548
2007-08-16,5,64908
2007-08-17,6,59899
2007-08-18,7,10938
2007-08-19,1,7925
2007-08-20,2,74170
2007-08-21,3,28567
2007-08-22,4,112784
2007-08-23,5,96986
2007-08-24,6,89403
2007-08-25,7,19339
2007-08-26,1,16785
2007-08-27,2,21405
2007-08-28,3,77053
2007-08-29,4,109536
2007-08-30,5,96833
2007-08-31,6,122024
2007-09-01,7,12029
2007-09-02,1,21904
2007-09-03,2,112489
2007-09-04,3,89203
2007-09-05,4,90792
2007-09-06,5,73376
2007-09-07,6,53438
2007-09-08,7,13676
2007-09-09,1,15922
2007-09-10,2,49958
2007-09-11,3,74284
2007-09-12,4,103407
2007-09-13,5,58177
2007-09-14,6,158462
2007-09-15,7,12470
2007-09-16,1,10409
2007-09-17,2,69567
2007-09-18,3,74036
2007-09-19,4,110475
2007-09-20,5,146961
2007-09-21,6,59260
2007-09-22,7,12469
2007-09-23,1,10790
2007-09-24,2,66053
2007-09-25,3,86390
2007-09-26,4,68509
2007-09-27,5,90285
2007-09-28,6,158696
2007-09-29,7,13001
2007-09-30,1,28510
2007-10-01,2,44907
2007-10-02,3,60469
2007-10-03,4,67935
2007-10-04,5,113768
2007-10-05,6,77036
2007-10-06,7,14110
2007-10-07,1,11698
2007-10-08,2,37714
2007-10-09,3,83197
2007-10-10,4,192577
2007-10-11,5,62611
2007-10-12,6,76761
2007-10-13,7,5088
2007-10-14,1,12149
2007-10-15,2,160098
2007-10-16,3,106193
2007-10-17,4,91774
2007-10-18,5,114271
2007-10-19,6,103467
2007-10-20,7,3050
2007-10-21,1,4197
2007-10-22,2,35349
2007-10-23,3,195495
2007-10-24,4,141174
2007-10-25,5,100631
2007-10-26,6,149081
2007-10-27,7,16815
2007-10-28,1,4751
2007-10-29,2,88189
2007-10-30,3,120059
2007-10-31,4,208919
2007-11-01,5,132813
2007-11-02,6,122132
2007-11-03,7,6804
2007-11-04,1,23915
2007-11-05,2,59396
2007-11-06,3,39942
2007-11-07,4,84685
2007-11-08,5,102472
2007-11-09,6,95612
2007-11-10,7,10603
2007-11-11,1,7855
2007-11-12,2,45505
2007-11-13,3,73308
2007-11-14,4,87781
2007-11-15,5,223888
2007-11-16,6,76638
2007-11-17,7,9600
2007-11-18,1,6008
2007-11-19,2,54618
2007-11-20,3,76945
2007-11-21,4,102637
2007-11-22,5,119890
2007-11-23,6,100653
2007-11-24,7,3652
2007-11-25,1,8976
2007-11-26,2,76798
2007-11-27,3,63925
2007-11-28,4,104294
2007-11-29,5,118550
2007-11-30,6,160868
2007-12-01,7,16485
2007-12-02,1,6057
2007-12-03,2,70465
2007-12-04,3,84364
2007-12-05,4,81893
2007-12-06,5,210209
2007-12-07,6,103513
2007-12-08,7,2200
2007-12-09,1,9970
2007-12-10,2,50593
2007-12-11,3,95577
2007-12-12,4,95244
2007-12-13,5,141679
2007-12-14,6,81023
2007-12-15,7,5392
2007-12-16,1,4324
2007-12-17,2,42057
2007-12-18,3,130187
2007-12-19,4,176226
2007-12-20,5,112665
2007-12-21,6,195227
2007-12-22,7,7048
2007-12-23,1,39158
2007-12-24,2,129234
2007-12-25,3,3817
2007-12-26,4,19869
2007-12-27,5,172329
2007-12-28,6,78609
2007-12-29,7,8573
2007-12-30,1,18157
2007-12-31,2,20678
2008-01-01,3,1006
2008-01-02,4,34220
2008-01-03,5,41182
2008-01-04,6,87519
2008-01-05,7,3969
2008-01-06,1,6819
2008-01-07,2,35452
2008-01-08,3,53015
2008-01-09,4,58099
2008-01-10,5,94427
2008-01-11,6,71497
2008-01-12,7,8901
2008-01-13,1,666
2008-01-14,2,53665
2008-01-15,3,60718
2008-01-16,4,154676
2008-01-17,5,95850
2008-01-18,6,126672
2008-01-19,7,6219
2008-01-20,1,5018
2008-01-21,2,67552
2008-01-22,3,73132
2008-01-23,4,139701
2008-01-24,5,158953
2008-01-25,6,79058
2008-01-26,7,6873
2008-01-27,1,3485
2008-01-28,2,13387
2008-01-29,3,95786
2008-01-30,4,80354
2008-01-31,5,97189
2008-02-01,6,186574
2008-02-02,7,10099
2008-02-03,1,2329
2008-02-04,2,76612
2008-02-05,3,99277
2008-02-06,4,98813
2008-02-07,5,161174
2008-02-08,6,96428
2008-02-09,7,11207
2008-02-10,1,8285
2008-02-11,2,97188
2008-02-12,3,94885
2008-02-13,4,145426
2008-02-14,5,159524
2008-02-15,6,61377
2008-02-16,7,3450
2008-02-17,1,12210
2008-02-18,2,61327
2008-02-19,3,43730
2008-02-20,4,96191
2008-02-21,5,123184
2008-02-22,6,75832
2008-02-23,7,3019
2008-02-24,1,909
2008-02-25,2,35074
2008-02-26,3,122114
2008-02-27,4,100971
2008-02-28,5,180372
2008-02-29,6,138751
2008-03-01,7,7503
2008-03-02,1,3469
2008-03-03,2,154918
2008-03-04,3,158778
2008-03-05,4,129484
2008-03-06,5,96573
2008-03-07,6,127771
2008-03-08,7,5430
2008-03-09,1,29027
2008-03-10,2,43796
2008-03-11,3,71131
2008-03-12,4,103339
2008-03-13,5,223940
2008-03-14,6,141533
2008-03-15,7,24521
2008-03-16,1,30660
2008-03-17,2,111889
2008-03-18,3,102476
2008-03-19,4,258380
2008-03-20,5,92203
2008-03-21,6,54430
2008-03-22,7,5398
2008-03-23,1,10163
2008-03-24,2,6335
2008-03-25,3,120620
2008-03-26,4,105589
2008-03-27,5,154408
2008-03-28,6,209011
2008-03-29,7,2782
2008-03-30,1,5575
2008-03-31,2,64215
2008-04-01,3,62593
2008-04-02,4,118464
2008-04-03,5,139064
2008-04-04,6,154680
2008-04-05,7,5097
2008-04-06,1,1178
2008-04-07,2,44099
2008-04-08,3,97647
2008-04-09,4,75487
2008-04-10,5,135879
2008-04-11,6,79789
2008-04-12,7,2953
2008-04-13,1,7419
2008-04-14,2,84070
2008-04-15,3,108881
2008-04-16,4,179186
2008-04-17,5,147294
2008-04-18,6,73887
2008-04-19,7,7613
2008-04-20,1,1585
2008-04-21,2,128168
2008-04-22,3,115785
2008-04-23,4,140366
2008-04-24,5,104812
2008-04-25,6,35962
2008-04-26,7,5055
2008-04-27,1,1661
2008-04-28,2,100527
2008-04-29,3,39523
2008-04-30,4,211839
2008-05-01,5,170363
2008-05-02,6,166096
2008-05-03,7,8581
2008-05-04,1,9807
2008-05-05,2,177021
2008-05-06,3,71120
2008-05-07,4,118154
2008-05-08,5,175124
2008-05-09,6,101481
2008-05-10,7,8684
2008-05-11,1,1152
2008-05-12,2,89880
2008-05-13,3,84160
2008-05-14,4,293594
2008-05-15,5,188057
2008-05-16,6,126586
2008-05-17,7,2679
2008-05-18,1,16341
2008-05-19,2,96739
2008-05-20,3,97009
2008-05-21,4,151586
2008-05-22,5,93058
2008-05-23,6,196531
2008-05-24,7,3670
2008-05-25,1,1461
2008-05-26,2,202234
2008-05-27,3,72118
2008-05-28,4,151205
2008-05-29,5,200266
2008-05-30,6,271728
2008-05-31,7,19887
2008-06-01,1,14395
2008-06-02,2,151044
2008-06-03,3,185701
2008-06-04,4,181647
2008-06-05,5,125628
2008-06-06,6,156976
2008-06-07,7,71181
2008-06-08,1,31536
2008-06-09,2,30395
2008-06-10,3,196584
2008-06-11,4,145395
2008-06-12,5,124666
2008-06-13,6,117012
2008-06-14,7,27227
2008-06-15,1,20157
2008-06-16,2,79966
2008-06-17,3,95614
2008-06-18,4,99986
2008-06-19,5,188725
2008-06-20,6,325429
2008-06-21,7,6577
2008-06-22,1,20770
2008-06-23,2,67345
2008-06-24,3,178887
2008-06-25,4,130040
2008-06-26,5,108534
2008-06-27,6,291969
2008-06-28,7,81989
2008-06-29,1,19538
2008-06-30,2,146518
2008-07-01,3,114882
2008-07-02,4,172417
2008-07-03,5,146364
2008-07-04,6,267345
2008-07-05,7,19486
2008-07-06,1,49123
2008-07-07,2,86499
2008-07-08,3,98153
2008-07-09,4,222675
2008-07-10,5,116401
2008-07-11,6,179561
2008-07-12,7,58827
2008-07-13,1,47241
2008-07-14,2,100960
2008-07-15,3,47945
2008-07-16,4,238209
2008-07-17,5,236147
2008-07-18,6,166872
2008-07-19,7,19211
2008-07-20,1,13870
2008-07-21,2,96131
2008-07-22,3,87800
2008-07-23,4,180871
2008-07-24,5,277652
2008-07-25,6,82737
2008-07-26,7,12455
2008-07-27,1,17526
2008-07-28,2,326597
2008-07-29,3,69708
2008-07-30,4,178836
2008-07-31,5,149242
2008-08-01,6,157875
2008-08-02,7,17191
2008-08-03,1,70247
2008-08-04,2,257427
2008-08-05,3,158209
2008-08-06,4,218496
2008-08-07,5,150846
2008-08-08,6,135653
2008-08-09,7,27972
2008-08-10,1,42495
2008-08-11,2,58880
2008-08-12,3,151707
2008-08-13,4,212959
2008-08-14,5,158480
2008-08-15,6,305335
2008-08-16,7,25466
2008-08-17,1,20692
2008-08-18,2,111530
2008-08-19,3,116915
2008-08-20,4,279818
2008-08-21,5,168077
2008-08-22,6,272093
2008-08-23,7,41274
2008-08-24,1,18747
2008-08-25,2,95953
2008-08-26,3,110514
2008-08-27,4,298756
2008-08-28,5,148069
2008-08-29,6,192796
2008-08-30,7,14490
2008-08-31,1,66474
2008-09-01,2,396949
2008-09-02,3,727000
2008-09-03,4,182939
2008-09-04,5,294256
2008-09-05,6,271720
2008-09-06,7,15879
2008-09-07,1,35493
2008-09-08,2,135198
2008-09-09,3,776928
2008-09-10,4,327877
2008-09-11,5,239289
2008-09-12,6,146247
2008-09-13,7,49201
2008-09-14,1,16606
2008-09-15,2,188823
2008-09-16,3,121365
2008-09-17,4,227976
2008-09-18,5,165104
2008-09-19,6,150181
2008-09-20,7,14615
2008-09-21,1,73998
2008-09-22,2,92430
2008-09-23,3,199103
2008-09-24,4,338312
2008-09-25,5,231968
2008-09-26,6,126384
2008-09-27,7,32874
2008-09-28,1,23955
2008-09-29,2,86056
2008-09-30,3,423356
2008-10-01,4,441961
2008-10-02,5,236081
2008-10-03,6,234099
2008-10-04,7,60964
2008-10-05,1,90017
2008-10-06,2,268294
2008-10-07,3,97477
2008-10-08,4,273901
2008-10-09,5,170043
2008-10-10,6,115918
2008-10-11,7,19034
2008-10-12,1,22373
2008-10-13,2,86014
2008-10-14,3,311948
2008-10-15,4,278111
2008-10-16,5,259282
2008-10-17,6,285225
2008-10-18,7,4951
2008-10-19,1,9183
2008-10-20,2,301063
2008-10-21,3,330390
2008-10-22,4,190913
2008-10-23,5,343530
2008-10-24,6,317884
2008-10-25,7,20078
2008-10-26,1,31099
2008-10-27,2,128314
2008-10-28,3,163775
2008-10-29,4,584647
2008-10-30,5,212968
2008-10-31,6,312045
2008-11-01,7,26456
2008-11-02,1,63470
2008-11-03,2,124840
2008-11-04,3,256345
2008-11-05,4,416539
2008-11-06,5,134555
2008-11-07,6,278228
2008-11-08,7,56443
2008-11-09,1,9202
2008-11-10,2,220085
2008-11-11,3,351818
2008-11-12,4,211602
2008-11-13,5,448308
2008-11-14,6,683531
2008-11-15,7,22917
2008-11-16,1,78728
2008-11-17,2,76730
2008-11-18,3,155574
2008-11-19,4,645280
2008-11-20,5,221438
2008-11-21,6,340776
2008-11-22,7,20707
2008-11-23,1,10454
2008-11-24,2,235253
2008-11-25,3,142767
2008-11-26,4,342673
2008-11-27,5,190859
2008-11-28,6,345738
2008-11-29,7,32976
2008-11-30,1,56986
2008-12-01,2,146600
2008-12-02,3,694153
2008-12-03,4,374247
2008-12-04,5,301421
2008-12-05,6,467560
2008-12-06,7,25014
2008-12-07,1,32754
2008-12-08,2,157250
2008-12-09,3,157189
2008-12-10,4,264882
2008-12-11,5,281645
2008-12-12,6,375211
2008-12-13,7,3422
2008-12-14,1,28060
2008-12-15,2,106795
2008-12-16,3,442218
2008-12-17,4,429711
2008-12-18,5,401032
2008-12-19,6,182951
2008-12-20,7,285133
2008-12-21,1,18002
2008-12-22,2,209265
2008-12-23,3,306771
2008-12-24,4,435675
2008-12-25,5,12637
2008-12-26,6,32729
2008-12-27,7,16691
2008-12-28,1,17143
2008-12-29,2,116619
2008-12-30,3,174017
2008-12-31,4,250899
2009-01-01,5,15059
2009-01-02,6,29592
2009-01-03,7,8210
2009-01-04,1,54890
2009-01-05,2,360669
2009-01-06,3,96062
2009-01-07,4,212597
2009-01-08,5,167065
2009-01-09,6,395649
2009-01-10,7,83979
2009-01-11,1,2063
2009-01-12,2,179243
2009-01-13,3,111641
2009-01-14,4,183379
2009-01-15,5,230911
2009-01-16,6,356614
2009-01-17,7,18975
2009-01-18,1,36173
2009-01-19,2,83549
2009-01-20,3,269005
2009-01-21,4,265287
2009-01-22,5,458517
2009-01-23,6,331532
2009-01-24,7,19004
2009-01-25,1,36152
2009-01-26,2,11737
2009-01-27,3,136976
2009-01-28,4,188209
2009-01-29,5,243522
2009-01-30,6,265942
2009-01-31,7,60080
2009-02-01,1,74772
2009-02-02,2,579633
2009-02-03,3,216565
2009-02-04,4,260267
2009-02-05,5,537595
2009-02-06,6,383557
2009-02-07,7,42447
2009-02-08,1,34134
2009-02-09,2,67321
2009-02-10,3,188141
2009-02-11,4,379841
2009-02-12,5,341414
2009-02-13,6,264294
2009-02-14,7,67486
2009-02-15,1,10248
2009-02-16,2,150576
2009-02-17,3,201206
2009-02-18,4,232186
2009-02-19,5,229778
2009-02-20,6,336922
2009-02-21,7,14539
2009-02-22,1,20610
2009-02-23,2,103388
2009-02-24,3,166218
2009-02-25,4,245049
2009-02-26,5,189326
2009-02-27,6,401190
2009-02-28,7,30328
2009-03-01,1,96492
2009-03-02,2,494876
2009-03-03,3,179699
2009-03-04,4,356458
2009-03-05,5,243588
2009-03-06,6,277491
2009-03-07,7,31447
2009-03-08,1,18495
2009-03-09,2,166043
2009-03-10,3,510506
2009-03-11,4,271194
2009-03-12,5,305043
2009-03-13,6,200193
2009-03-14,7,11192
2009-03-15,1,8681
2009-03-16,2,157005
2009-03-17,3,322738
2009-03-18,4,428973
2009-03-19,5,208300
2009-03-20,6,373399
2009-03-21,7,25650
2009-03-22,1,10458
2009-03-23,2,212325
2009-03-24,3,146065
2009-03-25,4,314906
2009-03-26,5,285472
2009-03-27,6,207360
2009-03-28,7,76103
2009-03-29,1,6656
2009-03-30,2,154407
2009-03-31,3,225044
2009-04-01,4,263619
2009-04-02,5,269914
2009-04-03,6,382882
2009-04-04,7,43040
2009-04-05,1,52562
2009-04-06,2,778422
2009-04-07,3,432944
2009-04-08,4,384315
2009-04-09,5,432568
2009-04-10,6,61861
2009-04-11,7,70494
2009-04-12,1,4618
2009-04-13,2,24986
2009-04-14,3,152096
2009-04-15,4,186483
2009-04-16,5,259693
2009-04-17,6,570100
2009-04-18,7,4898
2009-04-19,1,29344
2009-04-20,2,100826
2009-04-21,3,185427
2009-04-22,4,216388
2009-04-23,5,313383
2009-04-24,6,326317
2009-04-25,7,6496
2009-04-26,1,19111
2009-04-27,2,503144
2009-04-28,3,204394
2009-04-29,4,210755
2009-04-30,5,391972
2009-05-01,6,311804
2009-05-02,7,19390
2009-05-03,1,88645
2009-05-04,2,122451
2009-05-05,3,231224
2009-05-06,4,386580
2009-05-07,5,461591
2009-05-08,6,190278
2009-05-09,7,3179
2009-05-10,1,131545
2009-05-11,2,164217
2009-05-12,3,341132
2009-05-13,4,362978
2009-05-14,5,300236
2009-05-15,6,278142
2009-05-16,7,43170
2009-05-17,1,51309
2009-05-18,2,74956
2009-05-19,3,79264
2009-05-20,4,376388
2009-05-21,5,251394
2009-05-22,6,308207
2009-05-23,7,24964
2009-05-24,1,46563
2009-05-25,2,84505
2009-05-26,3,165304
2009-05-27,4,285540
2009-05-28,5,340827
2009-05-29,6,525248
2009-05-30,7,2493
2009-05-31,1,82309
2009-06-01,2,491209
2009-06-02,3,877529
2009-06-03,4,283344
2009-06-04,5,507190
2009-06-05,6,420836
2009-06-06,7,32360
2009-06-07,1,40216
2009-06-08,2,106543
2009-06-09,3,220360
2009-06-10,4,286766
2009-06-11,5,467812
2009-06-12,6,356208
2009-06-13,7,40811
2009-06-14,1,26078
2009-06-15,2,449774
2009-06-16,3,229743
2009-06-17,4,278992
2009-06-18,5,276941
2009-06-19,6,377659
2009-06-20,7,56010
2009-06-21,1,280714
2009-06-22,2,276833
2009-06-23,3,438832
2009-06-24,4,241898
2009-06-25,5,265890
2009-06-26,6,366535
2009-06-27,7,23145
2009-06-28,1,32809
2009-06-29,2,348362
2009-06-30,3,219737
2009-07-01,4,595631
2009-07-02,5,563651
2009-07-03,6,217068
2009-07-04,7,25086
2009-07-05,1,91739
2009-07-06,2,217191
2009-07-07,3,262357
2009-07-08,4,198470
2009-07-09,5,373096
2009-07-10,6,376013
2009-07-11,7,21560
2009-07-12,1,24885
2009-07-13,2,133988
2009-07-14,3,517386
2009-07-15,4,251003
2009-07-16,5,354484
2009-07-17,6,263629
2009-07-18,7,35216
2009-07-19,1,36991
2009-07-20,2,278806
2009-07-21,3,316479
2009-07-22,4,314064
2009-07-23,5,201230
2009-07-24,6,319093
2009-07-25,7,22813
2009-07-26,1,142907
2009-07-27,2,123636
2009-07-28,3,220302
2009-07-29,4,326178
2009-07-30,5,315727
2009-07-31,6,298080
2009-08-01,7,38496
2009-08-02,1,96404
2009-08-03,2,346900
2009-08-04,3,401577
2009-08-05,4,363850
2009-08-06,5,340738
2009-08-07,6,188537
2009-08-08,7,33853
2009-08-09,1,18477
2009-08-10,2,217021
2009-08-11,3,222968
2009-08-12,4,303243
2009-08-13,5,368151
2009-08-14,6,497877
2009-08-15,7,31245
2009-08-16,1,25201
2009-08-17,2,176368
2009-08-18,3,238761
2009-08-19,4,348349
2009-08-20,5,335014
2009-08-21,6,343142
2009-08-22,7,37406
2009-08-23,1,21683
2009-08-24,2,159831
2009-08-25,3,550691
2009-08-26,4,287031
2009-08-27,5,439902
2009-08-28,6,461623
2009-08-29,7,58747
2009-08-30,1,26094
2009-08-31,2,111780
2009-09-01,3,340493
2009-09-02,4,307003
2009-09-03,5,662433
2009-09-04,6,385002
2009-09-05,7,5803
2009-09-06,1,109908
2009-09-07,2,202931
2009-09-08,3,266554
2009-09-09,4,341292
2009-09-10,5,210527
2009-09-11,6,395071
2009-09-12,7,35927
2009-09-13,1,18691
2009-09-14,2,141083
2009-09-15,3,565147
2009-09-16,4,403590
2009-09-17,5,415836
2009-09-18,6,833782
2009-09-19,7,27634
2009-09-20,1,19038
2009-09-21,2,223324
2009-09-22,3,482782
2009-09-23,4,325497
2009-09-24,5,372470
2009-09-25,6,376990
2009-09-26,7,37500
2009-09-27,1,16014
2009-09-28,2,239198
2009-09-29,3,230987
2009-09-30,4,281903
2009-10-01,5,508401
2009-10-02,6,341176
2009-10-03,7,7707
2009-10-04,1,77209
2009-10-05,2,47278
2009-10-06,3,178999
2009-10-07,4,266610
2009-10-08,5,367954
2009-10-09,6,402275
2009-10-10,7,22591
2009-10-11,1,39731
2009-10-12,2,244169
2009-10-13,3,227314
2009-10-14,4,251497
2009-10-15,5,398069
2009-10-16,6,170584
2009-10-17,7,43123
2009-10-18,1,29449
2009-10-19,2,233138
2009-10-20,3,229087
2009-10-21,4,418701
2009-10-22,5,370927
2009-10-23,6,319088
2009-10-24,7,15832
2009-10-25,1,148758
2009-10-26,2,133683
2009-10-27,3,324636
2009-10-28,4,272422
2009-10-29,5,509904
2009-10-30,6,597011
2009-10-31,7,39638
2009-11-01,1,91459
2009-11-02,2,193434
2009-11-03,3,410878
2009-11-04,4,246924
2009-11-05,5,382014
2009-11-06,6,260546
2009-11-07,7,64640
2009-11-08,1,10548
2009-11-09,2,245989
2009-11-10,3,255916
2009-11-11,4,412583
2009-11-12,5,433229
2009-11-13,6,572566
2009-11-14,7,39098
2009-11-15,1,30255
2009-11-16,2,161923
2009-11-17,3,456980
2009-11-18,4,279450
2009-11-19,5,412494
2009-11-20,6,239358
2009-11-21,7,13173
2009-11-22,1,40447
2009-11-23,2,399212
2009-11-24,3,462155
2009-11-25,4,508540
2009-11-26,5,368296
2009-11-27,6,490947
2009-11-28,7,26800
2009-11-29,1,436574
2009-11-30,2,512080
2009-12-01,3,552387
2009-12-02,4,421600
2009-12-03,5,464104
2009-12-04,6,472024
2009-12-05,7,53781
2009-12-06,1,103835
2009-12-07,2,349076
2009-12-08,3,723933
2009-12-09,4,416800
2009-12-10,5,432266
2009-12-11,6,681819
2009-12-12,7,30104
2009-12-13,1,46782
2009-12-14,2,211887
2009-12-15,3,696195
2009-12-16,4,369384
2009-12-17,5,518091
2009-12-18,6,461695
2009-12-19,7,105419
2009-12-20,1,8391
2009-12-21,2,238282
2009-12-22,3,624469
2009-12-23,4,568658
2009-12-24,5,392640
2009-12-25,6,12644
2009-12-26,7,70132
2009-12-27,1,16718
2009-12-28,2,145049
2009-12-29,3,164032
2009-12-30,4,254048
2009-12-31,5,94178
2010-01-01,6,40301
2010-01-02,7,20686
2010-01-03,1,92434
2010-01-04,2,95180
2010-01-05,3,105712
2010-01-06,4,301832
2010-01-07,5,290219
2010-01-08,6,275063
2010-01-09,7,21783
2010-01-10,1,6223
2010-01-11,2,275698
2010-01-12,3,536709
2010-01-13,4,401341
2010-01-14,5,441807
2010-01-15,6,640913
2010-01-16,7,38471
2010-01-17,1,23569
2010-01-18,2,253862
2010-01-19,3,398723
2010-01-20,4,254224
2010-01-21,5,513295
2010-01-22,6,276523
2010-01-23,7,18817
2010-01-24,1,21442
2010-01-25,2,464740
2010-01-26,3,64917
2010-01-27,4,139856
2010-01-28,5,353903
2010-01-29,6,575605
2010-01-30,7,58688
2010-01-31,1,130043
2010-02-01,2,109255
2010-02-02,3,590822
2010-02-03,4,328388
2010-02-04,5,1024259
2010-02-05,6,665678
2010-02-06,7,93536
2010-02-07,1,19812
2010-02-08,2,98398
2010-02-09,3,499494
2010-02-10,4,430578
2010-02-11,5,983604
2010-02-12,6,256165
2010-02-13,7,66817
2010-02-14,1,179255
2010-02-15,2,384047
2010-02-16,3,323911
2010-02-17,4,357266
2010-02-18,5,436448
2010-02-19,6,333830
2010-02-20,7,12549
2010-02-21,1,177756
2010-02-22,2,133009
2010-02-23,3,314898
2010-02-24,4,314225
2010-02-25,5,600983
2010-02-26,6,290862
2010-02-27,7,23015
2010-02-28,1,97254
2010-03-01,2,386678
2010-03-02,3,227865
2010-03-03,4,480047
2010-03-04,5,702855
2010-03-05,6,818525
2010-03-06,7,15122
2010-03-07,1,18430
2010-03-08,2,88788
2010-03-09,3,746266
2010-03-10,4,284986
2010-03-11,5,602721
2010-03-12,6,560586
2010-03-13,7,58338
2010-03-14,1,25533
2010-03-15,2,226236
2010-03-16,3,294870
2010-03-17,4,255929
2010-03-18,5,705374
2010-03-19,6,558794
2010-03-20,7,39431
2010-03-21,1,7216
2010-03-22,2,382036
2010-03-23,3,297388
2010-03-24,4,441048
2010-03-25,5,787822
2010-03-26,6,286887
2010-03-27,7,14038
2010-03-28,1,26748
2010-03-29,2,228294
2010-03-30,3,522429
2010-03-31,4,478641
2010-04-01,5,718787
2010-04-02,6,167782
2010-04-03,7,56459
2010-04-04,1,39910
2010-04-05,2,293048
2010-04-06,3,332970
2010-04-07,4,400026
2010-04-08,5,552603
2010-04-09,6,748189
2010-04-10,7,33544
2010-04-11,1,93857
2010-04-12,2,192347
2010-04-13,3,205701
2010-04-14,4,344861
2010-04-15,5,472732
2010-04-16,6,377759
2010-04-17,7,16635
2010-04-18,1,13273
2010-04-19,2,248938
2010-04-20,3,579388
2010-04-21,4,476435
2010-04-22,5,284836
2010-04-23,6,507711
2010-04-24,7,33678
2010-04-25,1,49383
2010-04-26,2,73687
2010-04-27,3,271020
2010-04-28,4,258215
2010-04-29,5,539449
2010-04-30,6,589862
2010-05-01,7,28126
2010-05-02,1,119486
2010-05-03,2,176932
2010-05-04,3,401756
2010-05-05,4,681746
2010-05-06,5,401016
2010-05-07,6,281566
2010-05-08,7,23365
2010-05-09,1,54663
2010-05-10,2,152744
2010-05-11,3,375132
2010-05-12,4,328502
2010-05-13,5,444495
2010-05-14,6,600606
2010-05-15,7,25850
2010-05-16,1,21334
2010-05-17,2,652470
2010-05-18,3,236404
2010-05-19,4,500908
2010-05-20,5,827225
2010-05-21,6,429644
2010-05-22,7,52563
2010-05-23,1,57533
2010-05-24,2,150536
2010-05-25,3,332513
2010-05-26,4,599682
2010-05-27,5,506059
2010-05-28,6,317509
2010-05-29,7,36682
2010-05-30,1,29465
2010-05-31,2,409079
2010-06-01,3,454174
2010-06-02,4,479613
2010-06-03,5,459526
2010-06-04,6,595949
2010-06-05,7,242390
2010-06-06,1,102583
2010-06-07,2,308054
2010-06-08,3,221333
2010-06-09,4,572989
2010-06-10,5,513996
2010-06-11,6,817671
2010-06-12,7,73099
2010-06-13,1,40271
2010-06-14,2,92004
2010-06-15,3,672558
2010-06-16,4,410612
2010-06-17,5,394722
2010-06-18,6,277146
2010-06-19,7,65364
2010-06-20,1,40544
2010-06-21,2,1040396
2010-06-22,3,469345
2010-06-23,4,466318
2010-06-24,5,532294
2010-06-25,6,476274
2010-06-26,7,39529
2010-06-27,1,23137
2010-06-28,2,483867
2010-06-29,3,430343
2010-06-30,4,419948
2010-07-01,5,507849
2010-07-02,6,269467
2010-07-03,7,27148
2010-07-04,1,128104
2010-07-05,2,613361
2010-07-06,3,214240
2010-07-07,4,537617
2010-07-08,5,489629
2010-07-09,6,389124
2010-07-10,7,104329
2010-07-11,1,19096
2010-07-12,2,202043
2010-07-13,3,381938
2010-07-14,4,335744
2010-07-15,5,535643
2010-07-16,6,514976
2010-07-17,7,24786
2010-07-18,1,24668
2010-07-19,2,239394
2010-07-20,3,207388
2010-07-21,4,407891
2010-07-22,5,444094
2010-07-23,6,521539
2010-07-24,7,35225
2010-07-25,1,19283
2010-07-26,2,209437
2010-07-27,3,697215
2010-07-28,4,272673
2010-07-29,5,426573
2010-07-30,6,580002
2010-07-31,7,16806
2010-08-01,1,117140
2010-08-02,2,226490
2010-08-03,3,724735
2010-08-04,4,398147
2010-08-05,5,363084
2010-08-06,6,630837
2010-08-07,7,29665
2010-08-08,1,52876
2010-08-09,2,320821
2010-08-10,3,742411
2010-08-11,4,494083
2010-08-12,5,492313
2010-08-13,6,230903
2010-08-14,7,25266
2010-08-15,1,117758
2010-08-16,2,405199
2010-08-17,3,424028
2010-08-18,4,554322
2010-08-19,5,496658
2010-08-20,6,517030
2010-08-21,7,21802
2010-08-22,1,70195
2010-08-23,2,470961
2010-08-24,3,375105
2010-08-25,4,561644
2010-08-26,5,576728
2010-08-27,6,718988
2010-08-28,7,23926
2010-08-29,1,26457
2010-08-30,2,307205
2010-08-31,3,349403
2010-09-01,4,478537
2010-09-02,5,633781
2010-09-03,6,487593
2010-09-04,7,38718
2010-09-05,1,121963
2010-09-06,2,134112
2010-09-07,3,645071
2010-09-08,4,497067
2010-09-09,5,722742
2010-09-10,6,536704
2010-09-11,7,38164
2010-09-12,1,31750
2010-09-13,2,876740
2010-09-14,3,347045
2010-09-15,4,462957
2010-09-16,5,384922
2010-09-17,6,1081365
2010-09-18,7,25041
2010-09-19,1,44657
2010-09-20,2,209507
2010-09-21,3,519174
2010-09-22,4,390431
2010-09-23,5,785805
2010-09-24,6,516737
2010-09-25,7,51506
2010-09-26,1,46879
2010-09-27,2,276483
2010-09-28,3,800837
2010-09-29,4,594146
2010-09-30,5,399243
2010-10-01,6,884285
2010-10-02,7,27604
2010-10-03,1,152327
2010-10-04,2,169517
2010-10-05,3,494755
2010-10-06,4,535858
2010-10-07,5,617665
2010-10-08,6,529426
2010-10-09,7,48115
2010-10-10,1,82642
2010-10-11,2,349559
2010-10-12,3,343219
2010-10-13,4,434030
2010-10-14,5,560652
2010-10-15,6,565886
2010-10-16,7,15059
2010-10-17,1,36912
2010-10-18,2,750878
2010-10-19,3,470355
2010-10-20,4,607221
2010-10-21,5,418004
2010-10-22,6,685844
2010-10-23,7,138431
2010-10-24,1,45235
2010-10-25,2,239712
2010-10-26,3,588405
2010-10-27,4,507611
2010-10-28,5,516765
2010-10-29,6,1157306
2010-10-30,7,17770
2010-10-31,1,126886
2010-11-01,2,878360
2010-11-02,3,266840
2010-11-03,4,591816
2010-11-04,5,506944
2010-11-05,6,618023
2010-11-06,7,20364
2010-11-07,1,12661
2010-11-08,2,129657
2010-11-09,3,560288
2010-11-10,4,401576
2010-11-11,5,732040
2010-11-12,6,642164
2010-11-13,7,64147
2010-11-14,1,227051
2010-11-15,2,839228
2010-11-16,3,377928
2010-11-17,4,534834
2010-11-18,5,462474
2010-11-19,6,1105997
2010-11-20,7,41064
2010-11-21,1,13110
2010-11-22,2,183894
2010-11-23,3,470993
2010-11-24,4,390875
2010-11-25,5,628608
2010-11-26,6,775565
2010-11-27,7,16643
2010-11-28,1,373842
2010-11-29,2,428200
2010-11-30,3,485604
2010-12-01,4,483910
2010-12-02,5,763244
2010-12-03,6,842876
2010-12-04,7,37124
2010-12-05,1,237452
2010-12-06,2,786300
2010-12-07,3,746848
2010-12-08,4,1012044
2010-12-09,5,528712
2010-12-10,6,729990
2010-12-11,7,31229
2010-12-12,1,24866
2010-12-13,2,457582
2010-12-14,3,539636
2010-12-15,4,584447
2010-12-16,5,689622
2010-12-17,6,898545
2010-12-18,7,24303
2010-12-19,1,13942
2010-12-20,2,386028
2010-12-21,3,519904
2010-12-22,4,511160
2010-12-23,5,905903
2010-12-24,6,492655
2010-12-25,7,407621
2010-12-26,1,121545
2010-12-27,2,261546
2010-12-28,3,311317
2010-12-29,4,249919
2010-12-30,5,340847
2010-12-31,6,291122
2011-01-01,7,14811
2011-01-02,1,12213
2011-01-03,2,35606
2011-01-04,3,235076
2011-01-05,4,297777
2011-01-06,5,343543
2011-01-07,6,374463
2011-01-08,7,35386
2011-01-09,1,144361
2011-01-10,2,399094
2011-01-11,3,232225
2011-01-12,4,260886
2011-01-13,5,586470
2011-01-14,6,555613
2011-01-15,7,12827
2011-01-16,1,29920
2011-01-17,2,355980
2011-01-18,3,806001
2011-01-19,4,361949
2011-01-20,5,505068
2011-01-21,6,642246
2011-01-22,7,67494
2011-01-23,1,68794
2011-01-24,2,304075
2011-01-25,3,766279
2011-01-26,4,65038
2011-01-27,5,575270
2011-01-28,6,936133
2011-01-29,7,59179
2011-01-30,1,8595
2011-01-31,2,283777
2011-02-01,3,604684
2011-02-02,4,369161
2011-02-03,5,548318
2011-02-04,6,903317
2011-02-05,7,48224
2011-02-06,1,121576
2011-02-07,2,321944
2011-02-08,3,308249
2011-02-09,4,861878
2011-02-10,5,469676
2011-02-11,6,524165
2011-02-12,7,366715
2011-02-13,1,21327
2011-02-14,2,313931
2011-02-15,3,224135
2011-02-16,4,279955
2011-02-17,5,567979
2011-02-18,6,412297
2011-02-19,7,18240
2011-02-20,1,24704
2011-02-21,2,172002
2011-02-22,3,274792
2011-02-23,4,406196
2011-02-24,5,566073
2011-02-25,6,1182071
2011-02-26,7,63258
2011-02-27,1,38240
2011-02-28,2,211068
2011-03-01,3,173799
2011-03-02,4,535573
2011-03-03,5,620936
2011-03-04,6,529925
2011-03-05,7,71164
2011-03-06,1,123062
2011-03-07,2,279290
2011-03-08,3,248588
2011-03-09,4,397134
2011-03-10,5,449306
2011-03-11,6,409798
2011-03-12,7,42232
2011-03-13,1,19151
2011-03-14,2,238445
2011-03-15,3,895671
2011-03-16,4,801549
2011-03-17,5,632358
2011-03-18,6,914887
2011-03-19,7,14094
2011-03-20,1,27080
2011-03-21,2,242387
2011-03-22,3,431238
2011-03-23,4,641050
2011-03-24,5,784184
2011-03-25,6,567057
2011-03-26,7,14472
2011-03-27,1,16074
2011-03-28,2,256253
2011-03-29,3,302145
2011-03-30,4,576231
2011-03-31,5,472411
2011-04-01,6,618826
2011-04-02,7,58067
2011-04-03,1,120053
2011-04-04,2,273716
2011-04-05,3,564207
2011-04-06,4,466790
2011-04-07,5,675266
2011-04-08,6,555024
2011-04-09,7,96675
2011-04-10,1,26715
2011-04-11,2,339959
2011-04-12,3,897178
2011-04-13,4,465094
2011-04-14,5,552420
2011-04-15,6,708225
2011-04-16,7,16771
2011-04-17,1,27572
2011-04-18,2,911327
2011-04-19,3,882055
2011-04-20,4,676313
2011-04-21,5,651682
2011-04-22,6,252989
2011-04-23,7,103800
2011-04-24,1,140808
2011-04-25,2,43691
2011-04-26,3,62660
2011-04-27,4,367146
2011-04-28,5,517003
2011-04-29,6,843500
2011-04-30,7,18853
2011-05-01,1,102886
2011-05-02,2,892047
2011-05-03,3,374982
2011-05-04,4,1092602
2011-05-05,5,273599
2011-05-06,6,404372
2011-05-07,7,15352
2011-05-08,1,47840
2011-05-09,2,261642
2011-05-10,3,448941
2011-05-11,4,432330
2011-05-12,5,746615
2011-05-13,6,468041
2011-05-14,7,10420
2011-05-15,1,305584
2011-05-16,2,287830
2011-05-17,3,332459
2011-05-18,4,330907
2011-05-19,5,504020
2011-05-20,6,475087
2011-05-21,7,120370
2011-05-22,1,109050
2011-05-23,2,513855
2011-05-24,3,456919
2011-05-25,4,374230
2011-05-26,5,550936
2011-05-27,6,526800
2011-05-28,7,29584
2011-05-29,1,18356
2011-05-30,2,889605
2011-05-31,3,900198
2011-06-01,4,637921
2011-06-02,5,535037
2011-06-03,6,549678
2011-06-04,7,47274
2011-06-05,1,108903
2011-06-06,2,254845
2011-06-07,3,463372
2011-06-08,4,390957
2011-06-09,5,422881
2011-06-10,6,750844
2011-06-11,7,70667
2011-06-12,1,37237
2011-06-13,2,126539
2011-06-14,3,506255
2011-06-15,4,287747
2011-06-16,5,623529
2011-06-17,6,484982
2011-06-18,7,19357
2011-06-19,1,128403
2011-06-20,2,204372
2011-06-21,3,746734
2011-06-22,4,511502
2011-06-23,5,347327
2011-06-24,6,507231
2011-06-25,7,34938
2011-06-26,1,209333
2011-06-27,2,380127
2011-06-28,3,751117
2011-06-29,4,1039315
2011-06-30,5,550979
2011-07-01,6,1613024
2011-07-02,7,71582
2011-07-03,1,129182
2011-07-04,2,245264
2011-07-05,3,450126
2011-07-06,4,491894
2011-07-07,5,644203
2011-07-08,6,615649
2011-07-09,7,43938
2011-07-10,1,17133
2011-07-11,2,248642
2011-07-12,3,524213
2011-07-13,4,557218
2011-07-14,5,923681
2011-07-15,6,462337
2011-07-16,7,35508
2011-07-17,1,21258
2011-07-18,2,574560
2011-07-19,3,339514
2011-07-20,4,424895
2011-07-21,5,510833
2011-07-22,6,618481
2011-07-23,7,23366
2011-07-24,1,162426
2011-07-25,2,360736
2011-07-26,3,357494
2011-07-27,4,312689
2011-07-28,5,314372
2011-07-29,6,866854
2011-07-30,7,126734
2011-07-31,1,136477
2011-08-01,2,997539
2011-08-02,3,518337
2011-08-03,4,754683
2011-08-04,5,729679
2011-08-05,6,504828
2011-08-06,7,25888
2011-08-07,1,35318
2011-08-08,2,264885
2011-08-09,3,387065
2011-08-10,4,657223
2011-08-11,5,571101
2011-08-12,6,460633
2011-08-13,7,24263
2011-08-14,1,21921
2011-08-15,2,324983
2011-08-16,3,441289
2011-08-17,4,474756
2011-08-18,5,608560
2011-08-19,6,660503
2011-08-20,7,21646
2011-08-21,1,72183
2011-08-22,2,386476
2011-08-23,3,809777
2011-08-24,4,609418
2011-08-25,5,567570
2011-08-26,6,523168
2011-08-27,7,47284
2011-08-28,1,291610
2011-08-29,2,243032
2011-08-30,3,384517
2011-08-31,4,834888
2011-09-01,5,821251
2011-09-02,6,793603
2011-09-03,7,23710
2011-09-04,1,491737
2011-09-05,2,639061
2011-09-06,3,540759
2011-09-07,4,581836
2011-09-08,5,916219
2011-09-09,6,542917
2011-09-10,7,25242
2011-09-11,1,16103
2011-09-12,2,214241
2011-09-13,3,1078335
2011-09-14,4,498829
2011-09-15,5,484917
2011-09-16,6,438049
2011-09-17,7,22427
2011-09-18,1,22328
2011-09-19,2,137499
2011-09-20,3,709081
2011-09-21,4,425092
2011-09-22,5,158104
2011-09-23,6,524013
2011-09-24,7,54513
2011-09-25,1,17045
2011-09-26,2,342236
2011-09-27,3,712480
2011-09-28,4,450544
2011-09-29,5,406591
2011-09-30,6,622644
2011-10-01,7,21993
2011-10-02,1,87154
2011-10-03,2,160196
2011-10-04,3,400283
2011-10-05,4,453055
2011-10-06,5,548111
2011-10-07,6,503119
2011-10-08,7,9495
2011-10-09,1,185669
2011-10-10,2,184707
2011-10-11,3,1052682
2011-10-12,4,407799
2011-10-13,5,380155
2011-10-14,6,492288
2011-10-15,7,34551
2011-10-16,1,23790
2011-10-17,2,198066
2011-10-18,3,502140
2011-10-19,4,380822
2011-10-20,5,337573
2011-10-21,6,319884
2011-10-22,7,68086
2011-10-23,1,34185
2011-10-24,2,144847
2011-10-25,3,735319
2011-10-26,4,570568
2011-10-27,5,421776
2011-10-28,6,238840
2011-10-29,7,35938
2011-10-30,1,48152
2011-10-31,2,731547
2011-11-01,3,99786
2011-11-02,4,513618
2011-11-03,5,437560
2011-11-04,6,748649
2011-11-05,7,19755
2011-11-06,1,135223
2011-11-07,2,216462
2011-11-08,3,661273
2011-11-09,4,408446
2011-11-10,5,1079383
2011-11-11,6,419688
2011-11-12,7,10103
2011-11-13,1,9504
2011-11-14,2,513740
2011-11-15,3,1195123
2011-11-16,4,505393
2011-11-17,5,445622
2011-11-18,6,640028
2011-11-19,7,151705
2011-11-20,1,93135
2011-11-21,2,184325
2011-11-22,3,389685
2011-11-23,4,598210
2011-11-24,5,375984
2011-11-25,6,813328
2011-11-26,7,30411
2011-11-27,1,10568
2011-11-28,2,239854
2011-11-29,3,763718
2011-11-30,4,582239
2011-12-01,5,520661
2011-12-02,6,531319
2011-12-03,7,133491
2011-12-04,1,133441
2011-12-05,2,427545
2011-12-06,3,1136485
2011-12-07,4,417206
2011-12-08,5,637054
2011-12-09,6,613234
2011-12-10,7,25569
2011-12-11,1,16580
2011-12-12,2,551322
2011-12-13,3,521713
2011-12-14,4,376365
2011-12-15,5,882383
2011-12-16,6,579781
2011-12-17,7,29362
2011-12-18,1,26648
2011-12-19,2,382294
2011-12-20,3,670288
2011-12-21,4,396626
2011-12-22,5,440203
2011-12-23,6,416635
2011-12-24,7,87479
2011-12-25,1,218450
2011-12-26,2,151523
2011-12-27,3,65990
2011-12-28,4,186811
2011-12-29,5,197972
2011-12-30,6,270567
2011-12-31,7,13214
2012-01-01,1,25599
2012-01-02,2,48397
2012-01-03,3,175993
2012-01-04,4,315852
2012-01-05,5,331185
2012-01-06,6,421140
2012-01-07,7,16054
2012-01-08,1,124090
2012-01-09,2,125188
2012-01-10,3,1004174
2012-01-11,4,345967
2012-01-12,5,423117
2012-01-13,6,269895
2012-01-14,7,29362
2012-01-15,1,7879
2012-01-16,2,796690
2012-01-17,3,446324
2012-01-18,4,486871
2012-01-19,5,445024
2012-01-20,6,401080
2012-01-21,7,14510
2012-01-22,1,40936
2012-01-23,2,332635
2012-01-24,3,403047
2012-01-25,4,695801
2012-01-26,5,72272
2012-01-27,6,469762
2012-01-28,7,16358
2012-01-29,1,13558
2012-01-30,2,120794
2012-01-31,3,371826
2012-02-01,4,546061
2012-02-02,5,687106
2012-02-03,6,456422
2012-02-04,7,30906
2012-02-05,1,138218
2012-02-06,2,236197
2012-02-07,3,914077
2012-02-08,4,351005
2012-02-09,5,560858
2012-02-10,6,1141952
2012-02-11,7,25486
2012-02-12,1,5686
2012-02-13,2,621121
2012-02-14,3,586564
2012-02-15,4,794213
2012-02-16,5,550509
2012-02-17,6,467719
2012-02-18,7,12298
2012-02-19,1,9560
2012-02-20,2,281560
2012-02-21,3,471041
2012-02-22,4,386309
2012-02-23,5,370845
2012-02-24,6,358332
2012-02-25,7,26447
2012-02-26,1,10540
2012-02-27,2,191710
2012-02-28,3,324041
2012-02-29,4,634866
2012-03-01,5,461450
2012-03-02,6,445639
2012-03-03,7,9020
2012-03-04,1,117793
2012-03-05,2,365617
2012-03-06,3,1179216
2012-03-07,4,434711
2012-03-08,5,825279
2012-03-09,6,441676
2012-03-10,7,17496
2012-03-11,1,174810
2012-03-12,2,262292
2012-03-13,3,320610
2012-03-14,4,622369
2012-03-15,5,673331
2012-03-16,6,376637
2012-03-17,7,7189
2012-03-18,1,13309
2012-03-19,2,589995
2012-03-20,3,175094
2012-03-21,4,741809
2012-03-22,5,489455
2012-03-23,6,504680
2012-03-24,7,21168
2012-03-25,1,7964
2012-03-26,2,579742
2012-03-27,3,335986
2012-03-28,4,290266
2012-03-29,5,580820
2012-03-30,6,415192
2012-03-31,7,9935
2012-04-01,1,148793
2012-04-02,2,377947
2012-04-03,3,1229113
2012-04-04,4,428148
2012-04-05,5,542599
2012-04-06,6,20943
2012-04-07,7,133108
2012-04-08,1,20999
2012-04-09,2,107311
2012-04-10,3,706826
2012-04-11,4,404999
2012-04-12,5,632469
2012-04-13,6,609660
2012-04-14,7,28802
2012-04-15,1,24058
2012-04-16,2,303392
2012-04-17,3,551129
2012-04-18,4,422657
2012-04-19,5,808847
2012-04-20,6,515521
2012-04-21,7,10658
2012-04-22,1,21735
2012-04-23,2,482792
2012-04-24,3,753064
2012-04-25,4,95175
2012-04-26,5,769464
2012-04-27,6,225219
2012-04-28,7,29528
2012-04-29,1,13581
2012-04-30,2,160466
2012-05-01,3,1210600
2012-05-02,4,499603
2012-05-03,5,981217
2012-05-04,6,387623
2012-05-05,7,20325
2012-05-06,1,82681
2012-05-07,2,743769
2012-05-08,3,945500
2012-05-09,4,477264
2012-05-10,5,506942
2012-05-11,6,369432
2012-05-12,7,10473
2012-05-13,1,66287
2012-05-14,2,226298
2012-05-15,3,378575
2012-05-16,4,317407
2012-05-17,5,628197
2012-05-18,6,178537
2012-05-19,7,13004
2012-05-20,1,17092
2012-05-21,2,268790
2012-05-22,3,679856
2012-05-23,4,346420
2012-05-24,5,674969
2012-05-25,6,370846
2012-05-26,7,12043
2012-05-27,1,608364
2012-05-28,2,162964
2012-05-29,3,338548
2012-05-30,4,497141
2012-05-31,5,483313
2012-06-01,6,547928
2012-06-02,7,55907
2012-06-03,1,140945
2012-06-04,2,608768
2012-06-05,3,1462224
2012-06-06,4,649124
2012-06-07,5,722484
2012-06-08,6,488617
2012-06-09,7,31300
2012-06-10,1,24536
2012-06-11,2,74974
2012-06-12,3,519834
2012-06-13,4,565360
2012-06-14,5,536044
2012-06-15,6,729060
2012-06-16,7,21856
2012-06-17,1,141085
2012-06-18,2,405029
2012-06-19,3,594991
2012-06-20,4,356046
2012-06-21,5,565095
2012-06-22,6,362051
2012-06-23,7,22352
2012-06-24,1,158450
2012-06-25,2,865237
2012-06-26,3,750853
2012-06-27,4,396626
2012-06-28,5,582565
2012-06-29,6,191667
2012-06-30,7,34071
2012-07-01,1,200987
2012-07-02,2,549797
2012-07-03,3,1111919
2012-07-04,4,294143
2012-07-05,5,411712
2012-07-06,6,568957
2012-07-07,7,25622
2012-07-08,1,64953
2012-07-09,2,410059
2012-07-10,3,241612
2012-07-11,4,487173
2012-07-12,5,604933
2012-07-13,6,371100
2012-07-14,7,31264
2012-07-15,1,18829
2012-07-16,2,508841
2012-07-17,3,288555
2012-07-18,4,694789
2012-07-19,5,668049
2012-07-20,6,184825
2012-07-21,7,22849
2012-07-22,1,13380
2012-07-23,2,279791
2012-07-24,3,482951
2012-07-25,4,271297
2012-07-26,5,266156
2012-07-27,6,238683
2012-07-28,7,100809
2012-07-29,1,9530
2012-07-30,2,252275
2012-07-31,3,601004
2012-08-01,4,665437
2012-08-02,5,617074
2012-08-03,6,397419
2012-08-04,7,35418
2012-08-05,1,59232
2012-08-06,2,317529
2012-08-07,3,1076716
2012-08-08,4,349657
2012-08-09,5,629627
2012-08-10,6,479113
2012-08-11,7,57374
2012-08-12,1,20305
2012-08-13,2,528786
2012-08-14,3,570212
2012-08-15,4,341222
2012-08-16,5,259467
2012-08-17,6,430358
2012-08-18,7,67627
2012-08-19,1,44012
2012-08-20,2,160074
2012-08-21,3,213051
2012-08-22,4,701290
2012-08-23,5,326258
2012-08-24,6,297496
2012-08-25,7,20462
2012-08-26,1,12306
2012-08-27,2,195232
2012-08-28,3,483295
2012-08-29,4,350673
2012-08-30,5,541270
2012-08-31,6,199640
2012-09-01,7,64998
2012-09-02,1,22588
2012-09-03,2,222412
2012-09-04,3,1079950
2012-09-05,4,474596
2012-09-06,5,450883
2012-09-07,6,496942
2012-09-08,7,28511
2012-09-09,1,30084
2012-09-10,2,345399
2012-09-11,3,656953
2012-09-12,4,390290
2012-09-13,5,506407
2012-09-14,6,563241
2012-09-15,7,56549
2012-09-16,1,39169
2012-09-17,2,319611
2012-09-18,3,518991
2012-09-19,4,536535
2012-09-20,5,461411
2012-09-21,6,511860
2012-09-22,7,22811
2012-09-23,1,639570
2012-09-24,2,160826
2012-09-25,3,635632
2012-09-26,4,351628
2012-09-27,5,608189
2012-09-28,6,495903
2012-09-29,7,61271
2012-09-30,1,76009
2012-10-01,2,81206
2012-10-02,3,1133312
2012-10-03,4,636241
2012-10-04,5,644844
2012-10-05,6,463464
2012-10-06,7,40998
2012-10-07,1,20987
2012-10-08,2,775979
2012-10-09,3,218903
2012-10-10,4,436341
2012-10-11,5,439290
2012-10-12,6,446862
2012-10-13,7,7281
2012-10-14,1,30447
2012-10-15,2,162748
2012-10-16,3,420982
2012-10-17,4,402257
2012-10-18,5,454369
2012-10-19,6,398843
2012-10-20,7,37723
2012-10-21,1,7082
2012-10-22,2,252907
2012-10-23,3,307578
2012-10-24,4,287976
2012-10-25,5,279260
2012-10-26,6,347881
2012-10-27,7,8518
2012-10-28,1,16239
2012-10-29,2,240695
2012-10-30,3,449348
2012-10-31,4,276151
2012-11-01,5,761454
2012-11-02,6,746631
2012-11-03,7,47512
2012-11-04,1,61593
2012-11-05,2,162924
2012-11-06,3,747412
2012-11-07,4,424959
2012-11-08,5,455405
2012-11-09,6,236493
2012-11-10,7,21016
2012-11-11,1,28568
2012-11-12,2,171332
2012-11-13,3,933712
2012-11-14,4,621267
2012-11-15,5,240671
2012-11-16,6,499537
2012-11-17,7,80654
2012-11-18,1,23318
2012-11-19,2,162454
2012-11-20,3,491161
2012-11-21,4,825223
2012-11-22,5,870720
2012-11-23,6,293985
2012-11-24,7,16670
2012-11-25,1,58357
2012-11-26,2,373353
2012-11-27,3,785210
2012-11-28,4,472695
2012-11-29,5,472515
2012-11-30,6,540058
2012-12-01,7,168910
2012-12-02,1,7219
2012-12-03,2,549480
2012-12-04,3,1075255
2012-12-05,4,633513
2012-12-06,5,754478
2012-12-07,6,336770
2012-12-08,7,55566
2012-12-09,1,18923
2012-12-10,2,353371
